-- phpMyAdmin SQL Dump
-- version 4.1.14.8
-- http://www.phpmyadmin.net
--
-- Client :  db735116633.db.1and1.com
-- Généré le :  Dim 24 Juin 2018 à 22:52
-- Version du serveur :  5.5.60-0+deb7u1-log
-- Version de PHP :  5.4.45-0+deb7u14

SET SQL_MODE = "NO_AUTO_VALUE_ON_ZERO";
SET time_zone = "+00:00";


/*!40101 SET @OLD_CHARACTER_SET_CLIENT=@@CHARACTER_SET_CLIENT */;
/*!40101 SET @OLD_CHARACTER_SET_RESULTS=@@CHARACTER_SET_RESULTS */;
/*!40101 SET @OLD_COLLATION_CONNECTION=@@COLLATION_CONNECTION */;
/*!40101 SET NAMES utf8 */;

--
-- Base de données :  `db735116633`
--

-- --------------------------------------------------------

--
-- Structure de la table `Category`
--

CREATE TABLE IF NOT EXISTS `Category` (
  `category_id` int(11) NOT NULL AUTO_INCREMENT,
  `category` varchar(255) NOT NULL,
  PRIMARY KEY (`category_id`)
) ENGINE=InnoDB  DEFAULT CHARSET=utf8 AUTO_INCREMENT=10 ;

--
-- Contenu de la table `Category`
--

INSERT INTO `Category` (`category_id`, `category`) VALUES
(1, 'sans'),
(2, 'PHP'),
(3, 'MySQL'),
(5, 'UML'),
(6, 'github'),
(7, 'mamp'),
(8, 'phpstorm'),
(9, 'openclassrooms');

-- --------------------------------------------------------

--
-- Structure de la table `Comments`
--

CREATE TABLE IF NOT EXISTS `Comments` (
  `id` int(11) NOT NULL AUTO_INCREMENT,
  `post_id` int(11) NOT NULL,
  `author` int(10) NOT NULL,
  `content` text NOT NULL,
  `creation_date` datetime NOT NULL,
  `last_updated` datetime DEFAULT NULL,
  `validation` int(11) DEFAULT NULL,
  `avatar` int(10) DEFAULT NULL,
  PRIMARY KEY (`id`),
  KEY `author` (`author`),
  KEY `post_id` (`post_id`),
  KEY `avatar` (`avatar`)
) ENGINE=InnoDB  DEFAULT CHARSET=utf8 AUTO_INCREMENT=52 ;

--
-- Contenu de la table `Comments`
--

INSERT INTO `Comments` (`id`, `post_id`, `author`, `content`, `creation_date`, `last_updated`, `validation`, `avatar`) VALUES
(24, 31, 13, 'Sympa cet article sur le PHP ! Merci !!!!', '2018-05-15 01:05:56', NULL, 1, 13),
(25, 31, 8, 'Je t''en prie ! Prochain article bientôt !', '2018-05-15 01:12:40', '2018-05-21 19:09:40', 1, 8),
(50, 30, 38, 'Je suis d''accord, et vivement la montée en compétence et le diplôme au bout!!', '2018-06-24 17:24:33', NULL, 1, NULL);

-- --------------------------------------------------------

--
-- Structure de la table `connexion`
--

CREATE TABLE IF NOT EXISTS `connexion` (
  `ip` varchar(255) NOT NULL
) ENGINE=InnoDB DEFAULT CHARSET=utf8;

--
-- Contenu de la table `connexion`
--

INSERT INTO `connexion` (`ip`) VALUES
('::1'),
('81.57.42.67');

-- --------------------------------------------------------

--
-- Structure de la table `Posts`
--

CREATE TABLE IF NOT EXISTS `Posts` (
  `id` int(11) NOT NULL AUTO_INCREMENT,
  `title` varchar(100) NOT NULL,
  `chapo` varchar(200) DEFAULT NULL,
  `intro` varchar(600) NOT NULL,
  `content` text NOT NULL,
  `author` int(10) NOT NULL,
  `creation_date` datetime NOT NULL,
  `last_updated` datetime DEFAULT NULL,
  `file_extension` varchar(150) NOT NULL,
  `category_id` int(11) NOT NULL,
  PRIMARY KEY (`id`),
  KEY `author` (`author`),
  KEY `category_id` (`category_id`)
) ENGINE=InnoDB  DEFAULT CHARSET=utf8 AUTO_INCREMENT=82 ;

--
-- Contenu de la table `Posts`
--

INSERT INTO `Posts` (`id`, `title`, `chapo`, `intro`, `content`, `author`, `creation_date`, `last_updated`, `file_extension`, `category_id`) VALUES
(25, 'Article 1', 'Chapô 1', 'Why did you bring us here? Five hours? Aw, man! Couldn''t you just get me the death penalty? Look, everyone wants to be like Germany, but do we really have the pure strength of ''will''? Large bet on myself in round one.\r\n\r\nI''ve got to find a way to escape the horrible ravages of youth. Suddenly, I''m going to the bathroom like clockwork, every three hours. And those jerks at Social Security stopped sending me checks. Now ''I'''' have to pay ''''them''! Are you crazy? I can''t swallow that.\r\n\r\nNo, of course not. It was… uh… porno. Yeah, that''s it.\r\nBut, like most politicians, he promised more than he', 'Why did you bring us here? Five hours? Aw, man! Couldn''t you just get me the death penalty? Look, everyone wants to be like Germany, but do we really have the pure strength of ''will''? Large bet on myself in round one.\r\n\r\nI''ve got to find a way to escape the horrible ravages of youth. Suddenly, I''m going to the bathroom like clockwork, every three hours. And those jerks at Social Security stopped sending me checks. Now ''I'''' have to pay ''''them''! Are you crazy? I can''t swallow that.\r\n\r\nNo, of course not. It was… uh… porno. Yeah, that''s it.\r\nBut, like most politicians, he promised more than he could deliver. Perhaps, but perhaps your civilization is merely the sewer of an even greater society above you! My fellow Earthicans, as I have explained in my book ''Earth in the Balance'''', and the much more popular ''''Harry Potter and the Balance of Earth'', we need to defend our planet against pollution. Also dark wizards.\r\n\r\nFor example, if you killed your grandfather, you''d cease to exist!\r\nSon, as your lawyer, I declare y''all are in a 12-piece bucket o'' trouble. But I done struck you a deal: Five hours of community service cleanin'' up that ol'' mess you caused.\r\nLeela, are you alright? You got wanged on the head.\r\nThat''s not soon enough!\r\nIt''s toe-tappingly tragic! Fatal. There, now he''s trapped in a book I wrote: a crummy world of plot holes and spelling errors! For one beautiful night I knew what it was like to be a grandmother. Subjugated, yet honored.\r\n\r\nNo! The cat shelter''s on to me.\r\nSay it in Russian!\r\nGoodbye, cruel world. Goodbye, cruel lamp. Goodbye, cruel velvet drapes, lined with what would appear to be some sort of cruel muslin and the cute little pom-pom curtain pull cords. Cruel though they may be…\r\nJust once I''d like to eat dinner with a celebrity who isn''t bound and gagged. You''ll have all the Slurm you can drink when you''re partying with Slurms McKenzie! Ok, we''ll go deliver this crate like professionals, and then we''ll go ride the bumper cars.\r\n\r\nBender, we''re trying our best. We can''t compete with Mom! Her company is big and evil! Ours is small and neutral! Yes! In your face, Gandhi! You seem malnourished. Are you suffering from intestinal parasites?\r\n\r\nAnd I''d do it again! And perhaps a third time! But that would be it. You seem malnourished. Are you suffering from intestinal parasites? I was having the most wonderful dream. Except you were there, and you were there, and you were there!\r\n\r\nWhoa a real live robot; or is that some kind of cheesy New Year''s costume? Kids have names? But, like most politicians, he promised more than he could deliver. Tell her she looks thin. Bender, quit destroying the universe!\r\n\r\nOh, how awful. Did he at least die painlessly? …To shreds, you say. Well, how is his wife holding up? …To shreds, you say. Fatal. You don''t know how to do any of those. That''s the ONLY thing about being a slave.\r\n\r\nAnd until then, I can never die? But I know you in the future. I cleaned your poop. Oh, all right, I am. But if anything happens to me, tell them I died robbing some old man. Ask her how her day was.\r\n\r\nI suppose I could part with ''one'' and still be feared… Oh, I always feared he might run off like this. Why, why, why didn''t I break his legs? So I really am important? How I feel when I''m drunk is correct?\r\n\r\nQuite possible. We live long and are celebrated poopers. Hey, tell me something. You''ve got all this money. How come you always dress like you''re doing your laundry? I''m sure those windmills will keep them cool.\r\n\r\nYeah, and if you were the pope they''d be all, "Straighten your pope hat." And "Put on your good vestments." I don''t ''need'' to drink. I can quit anytime I want! Oh, I always feared he might run off like this. Why, why, why didn''t I break his legs?\r\n\r\nWe''re rescuing ya. I wish! It''s a nickel. Leela, are you alright? You got wanged on the head. But existing is basically all I do! Leela, Bender, we''re going grave robbing.\r\n\r\nMan, I''m sore all over. I feel like I just went ten rounds with mighty Thor. Bender, hurry! This fuel''s expensive! Also, we''re dying! Can I use the gun? Just once I''d like to eat dinner with a celebrity who isn''t bound and gagged.', 8, '2018-05-15 00:58:01', NULL, 'github.png', 6),
(26, 'Article 2', 'Chapô 2', 'Why did you bring us here? Five hours? Aw, man! Couldn''t you just get me the death penalty? Look, everyone wants to be like Germany, but do we really have the pure strength of ''will''? Large bet on myself in round one.\r\n\r\nI''ve got to find a way to escape the horrible ravages of youth. Suddenly, I''m going to the bathroom like clockwork, every three hours. And those jerks at Social Security stopped sending me checks. Now ''I'''' have to pay ''''them''! Are you crazy? I can''t swallow that.\r\n\r\nNo, of course not. It was… uh… porno. Yeah, that''s it.\r\nBut, like most politicians, he promised more than he', 'Why did you bring us here? Five hours? Aw, man! Couldn''t you just get me the death penalty? Look, everyone wants to be like Germany, but do we really have the pure strength of ''will''? Large bet on myself in round one.\r\n\r\nI''ve got to find a way to escape the horrible ravages of youth. Suddenly, I''m going to the bathroom like clockwork, every three hours. And those jerks at Social Security stopped sending me checks. Now ''I'''' have to pay ''''them''! Are you crazy? I can''t swallow that.\r\n\r\nNo, of course not. It was… uh… porno. Yeah, that''s it.\r\nBut, like most politicians, he promised more than he could deliver. Perhaps, but perhaps your civilization is merely the sewer of an even greater society above you! My fellow Earthicans, as I have explained in my book ''Earth in the Balance'''', and the much more popular ''''Harry Potter and the Balance of Earth'', we need to defend our planet against pollution. Also dark wizards.\r\n\r\nFor example, if you killed your grandfather, you''d cease to exist!\r\nSon, as your lawyer, I declare y''all are in a 12-piece bucket o'' trouble. But I done struck you a deal: Five hours of community service cleanin'' up that ol'' mess you caused.\r\nLeela, are you alright? You got wanged on the head.\r\nThat''s not soon enough!\r\nIt''s toe-tappingly tragic! Fatal. There, now he''s trapped in a book I wrote: a crummy world of plot holes and spelling errors! For one beautiful night I knew what it was like to be a grandmother. Subjugated, yet honored.\r\n\r\nNo! The cat shelter''s on to me.\r\nSay it in Russian!\r\nGoodbye, cruel world. Goodbye, cruel lamp. Goodbye, cruel velvet drapes, lined with what would appear to be some sort of cruel muslin and the cute little pom-pom curtain pull cords. Cruel though they may be…\r\nJust once I''d like to eat dinner with a celebrity who isn''t bound and gagged. You''ll have all the Slurm you can drink when you''re partying with Slurms McKenzie! Ok, we''ll go deliver this crate like professionals, and then we''ll go ride the bumper cars.\r\n\r\nBender, we''re trying our best. We can''t compete with Mom! Her company is big and evil! Ours is small and neutral! Yes! In your face, Gandhi! You seem malnourished. Are you suffering from intestinal parasites?\r\n\r\nAnd I''d do it again! And perhaps a third time! But that would be it. You seem malnourished. Are you suffering from intestinal parasites? I was having the most wonderful dream. Except you were there, and you were there, and you were there!\r\n\r\nWhoa a real live robot; or is that some kind of cheesy New Year''s costume? Kids have names? But, like most politicians, he promised more than he could deliver. Tell her she looks thin. Bender, quit destroying the universe!\r\n\r\nOh, how awful. Did he at least die painlessly? …To shreds, you say. Well, how is his wife holding up? …To shreds, you say. Fatal. You don''t know how to do any of those. That''s the ONLY thing about being a slave.\r\n\r\nAnd until then, I can never die? But I know you in the future. I cleaned your poop. Oh, all right, I am. But if anything happens to me, tell them I died robbing some old man. Ask her how her day was.\r\n\r\nI suppose I could part with ''one'' and still be feared… Oh, I always feared he might run off like this. Why, why, why didn''t I break his legs? So I really am important? How I feel when I''m drunk is correct?\r\n\r\nQuite possible. We live long and are celebrated poopers. Hey, tell me something. You''ve got all this money. How come you always dress like you''re doing your laundry? I''m sure those windmills will keep them cool.\r\n\r\nYeah, and if you were the pope they''d be all, "Straighten your pope hat." And "Put on your good vestments." I don''t ''need'' to drink. I can quit anytime I want! Oh, I always feared he might run off like this. Why, why, why didn''t I break his legs?\r\n\r\nWe''re rescuing ya. I wish! It''s a nickel. Leela, are you alright? You got wanged on the head. But existing is basically all I do! Leela, Bender, we''re going grave robbing.\r\n\r\nMan, I''m sore all over. I feel like I just went ten rounds with mighty Thor. Bender, hurry! This fuel''s expensive! Also, we''re dying! Can I use the gun? Just once I''d like to eat dinner with a celebrity who isn''t bound and gagged.', 8, '2018-05-15 00:58:24', NULL, 'mamp.png', 7),
(27, 'Article 3', 'Chapô 3', 'Why did you bring us here? Five hours? Aw, man! Couldn''t you just get me the death penalty? Look, everyone wants to be like Germany, but do we really have the pure strength of ''will''? Large bet on myself in round one.\r\n\r\nI''ve got to find a way to escape the horrible ravages of youth. Suddenly, I''m going to the bathroom like clockwork, every three hours. And those jerks at Social Security stopped sending me checks. Now ''I'''' have to pay ''''them''! Are you crazy? I can''t swallow that.\r\n\r\nNo, of course not. It was… uh… porno. Yeah, that''s it.\r\nBut, like most politicians, he promised more than he', 'Why did you bring us here? Five hours? Aw, man! Couldn''t you just get me the death penalty? Look, everyone wants to be like Germany, but do we really have the pure strength of ''will''? Large bet on myself in round one.\r\n\r\nI''ve got to find a way to escape the horrible ravages of youth. Suddenly, I''m going to the bathroom like clockwork, every three hours. And those jerks at Social Security stopped sending me checks. Now ''I'''' have to pay ''''them''! Are you crazy? I can''t swallow that.\r\n\r\nNo, of course not. It was… uh… porno. Yeah, that''s it.\r\nBut, like most politicians, he promised more than he could deliver. Perhaps, but perhaps your civilization is merely the sewer of an even greater society above you! My fellow Earthicans, as I have explained in my book ''Earth in the Balance'''', and the much more popular ''''Harry Potter and the Balance of Earth'', we need to defend our planet against pollution. Also dark wizards.\r\n\r\nFor example, if you killed your grandfather, you''d cease to exist!\r\nSon, as your lawyer, I declare y''all are in a 12-piece bucket o'' trouble. But I done struck you a deal: Five hours of community service cleanin'' up that ol'' mess you caused.\r\nLeela, are you alright? You got wanged on the head.\r\nThat''s not soon enough!\r\nIt''s toe-tappingly tragic! Fatal. There, now he''s trapped in a book I wrote: a crummy world of plot holes and spelling errors! For one beautiful night I knew what it was like to be a grandmother. Subjugated, yet honored.\r\n\r\nNo! The cat shelter''s on to me.\r\nSay it in Russian!\r\nGoodbye, cruel world. Goodbye, cruel lamp. Goodbye, cruel velvet drapes, lined with what would appear to be some sort of cruel muslin and the cute little pom-pom curtain pull cords. Cruel though they may be…\r\nJust once I''d like to eat dinner with a celebrity who isn''t bound and gagged. You''ll have all the Slurm you can drink when you''re partying with Slurms McKenzie! Ok, we''ll go deliver this crate like professionals, and then we''ll go ride the bumper cars.\r\n\r\nBender, we''re trying our best. We can''t compete with Mom! Her company is big and evil! Ours is small and neutral! Yes! In your face, Gandhi! You seem malnourished. Are you suffering from intestinal parasites?\r\n\r\nAnd I''d do it again! And perhaps a third time! But that would be it. You seem malnourished. Are you suffering from intestinal parasites? I was having the most wonderful dream. Except you were there, and you were there, and you were there!\r\n\r\nWhoa a real live robot; or is that some kind of cheesy New Year''s costume? Kids have names? But, like most politicians, he promised more than he could deliver. Tell her she looks thin. Bender, quit destroying the universe!\r\n\r\nOh, how awful. Did he at least die painlessly? …To shreds, you say. Well, how is his wife holding up? …To shreds, you say. Fatal. You don''t know how to do any of those. That''s the ONLY thing about being a slave.\r\n\r\nAnd until then, I can never die? But I know you in the future. I cleaned your poop. Oh, all right, I am. But if anything happens to me, tell them I died robbing some old man. Ask her how her day was.\r\n\r\nI suppose I could part with ''one'' and still be feared… Oh, I always feared he might run off like this. Why, why, why didn''t I break his legs? So I really am important? How I feel when I''m drunk is correct?\r\n\r\nQuite possible. We live long and are celebrated poopers. Hey, tell me something. You''ve got all this money. How come you always dress like you''re doing your laundry? I''m sure those windmills will keep them cool.\r\n\r\nYeah, and if you were the pope they''d be all, "Straighten your pope hat." And "Put on your good vestments." I don''t ''need'' to drink. I can quit anytime I want! Oh, I always feared he might run off like this. Why, why, why didn''t I break his legs?\r\n\r\nWe''re rescuing ya. I wish! It''s a nickel. Leela, are you alright? You got wanged on the head. But existing is basically all I do! Leela, Bender, we''re going grave robbing.\r\n\r\nMan, I''m sore all over. I feel like I just went ten rounds with mighty Thor. Bender, hurry! This fuel''s expensive! Also, we''re dying! Can I use the gun? Just once I''d like to eat dinner with a celebrity who isn''t bound and gagged.', 8, '2018-05-15 00:58:47', NULL, 'UML.png', 5),
(28, 'Article 4', 'Chapô 4', 'Why did you bring us here? Five hours? Aw, man! Couldn''t you just get me the death penalty? Look, everyone wants to be like Germany, but do we really have the pure strength of ''will''? Large bet on myself in round one.\r\n\r\nI''ve got to find a way to escape the horrible ravages of youth. Suddenly, I''m going to the bathroom like clockwork, every three hours. And those jerks at Social Security stopped sending me checks. Now ''I'''' have to pay ''''them''! Are you crazy? I can''t swallow that.\r\n\r\nNo, of course not. It was… uh… porno. Yeah, that''s it.\r\nBut, like most politicians, he promised more than he', 'Why did you bring us here? Five hours? Aw, man! Couldn''t you just get me the death penalty? Look, everyone wants to be like Germany, but do we really have the pure strength of ''will''? Large bet on myself in round one.\r\n\r\nI''ve got to find a way to escape the horrible ravages of youth. Suddenly, I''m going to the bathroom like clockwork, every three hours. And those jerks at Social Security stopped sending me checks. Now ''I'''' have to pay ''''them''! Are you crazy? I can''t swallow that.\r\n\r\nNo, of course not. It was… uh… porno. Yeah, that''s it.\r\nBut, like most politicians, he promised more than he could deliver. Perhaps, but perhaps your civilization is merely the sewer of an even greater society above you! My fellow Earthicans, as I have explained in my book ''Earth in the Balance'''', and the much more popular ''''Harry Potter and the Balance of Earth'', we need to defend our planet against pollution. Also dark wizards.\r\n\r\nFor example, if you killed your grandfather, you''d cease to exist!\r\nSon, as your lawyer, I declare y''all are in a 12-piece bucket o'' trouble. But I done struck you a deal: Five hours of community service cleanin'' up that ol'' mess you caused.\r\nLeela, are you alright? You got wanged on the head.\r\nThat''s not soon enough!\r\nIt''s toe-tappingly tragic! Fatal. There, now he''s trapped in a book I wrote: a crummy world of plot holes and spelling errors! For one beautiful night I knew what it was like to be a grandmother. Subjugated, yet honored.\r\n\r\nNo! The cat shelter''s on to me.\r\nSay it in Russian!\r\nGoodbye, cruel world. Goodbye, cruel lamp. Goodbye, cruel velvet drapes, lined with what would appear to be some sort of cruel muslin and the cute little pom-pom curtain pull cords. Cruel though they may be…\r\nJust once I''d like to eat dinner with a celebrity who isn''t bound and gagged. You''ll have all the Slurm you can drink when you''re partying with Slurms McKenzie! Ok, we''ll go deliver this crate like professionals, and then we''ll go ride the bumper cars.\r\n\r\nBender, we''re trying our best. We can''t compete with Mom! Her company is big and evil! Ours is small and neutral! Yes! In your face, Gandhi! You seem malnourished. Are you suffering from intestinal parasites?\r\n\r\nAnd I''d do it again! And perhaps a third time! But that would be it. You seem malnourished. Are you suffering from intestinal parasites? I was having the most wonderful dream. Except you were there, and you were there, and you were there!\r\n\r\nWhoa a real live robot; or is that some kind of cheesy New Year''s costume? Kids have names? But, like most politicians, he promised more than he could deliver. Tell her she looks thin. Bender, quit destroying the universe!\r\n\r\nOh, how awful. Did he at least die painlessly? …To shreds, you say. Well, how is his wife holding up? …To shreds, you say. Fatal. You don''t know how to do any of those. That''s the ONLY thing about being a slave.\r\n\r\nAnd until then, I can never die? But I know you in the future. I cleaned your poop. Oh, all right, I am. But if anything happens to me, tell them I died robbing some old man. Ask her how her day was.\r\n\r\nI suppose I could part with ''one'' and still be feared… Oh, I always feared he might run off like this. Why, why, why didn''t I break his legs? So I really am important? How I feel when I''m drunk is correct?\r\n\r\nQuite possible. We live long and are celebrated poopers. Hey, tell me something. You''ve got all this money. How come you always dress like you''re doing your laundry? I''m sure those windmills will keep them cool.\r\n\r\nYeah, and if you were the pope they''d be all, "Straighten your pope hat." And "Put on your good vestments." I don''t ''need'' to drink. I can quit anytime I want! Oh, I always feared he might run off like this. Why, why, why didn''t I break his legs?\r\n\r\nWe''re rescuing ya. I wish! It''s a nickel. Leela, are you alright? You got wanged on the head. But existing is basically all I do! Leela, Bender, we''re going grave robbing.\r\n\r\nMan, I''m sore all over. I feel like I just went ten rounds with mighty Thor. Bender, hurry! This fuel''s expensive! Also, we''re dying! Can I use the gun? Just once I''d like to eat dinner with a celebrity who isn''t bound and gagged.', 8, '2018-05-15 00:59:07', NULL, 'phpstorm.png', 8),
(29, 'Article 5', 'Chapô 5', 'Why did you bring us here? Five hours? Aw, man! Couldn''t you just get me the death penalty? Look, everyone wants to be like Germany, but do we really have the pure strength of ''will''? Large bet on myself in round one.\r\n\r\nI''ve got to find a way to escape the horrible ravages of youth. Suddenly, I''m going to the bathroom like clockwork, every three hours. And those jerks at Social Security stopped sending me checks. Now ''I'''' have to pay ''''them''! Are you crazy? I can''t swallow that.\r\n\r\nNo, of course not. It was… uh… porno. Yeah, that''s it.\r\nBut, like most politicians, he promised more than he', 'Why did you bring us here? Five hours? Aw, man! Couldn''t you just get me the death penalty? Look, everyone wants to be like Germany, but do we really have the pure strength of ''will''? Large bet on myself in round one.\r\n\r\nI''ve got to find a way to escape the horrible ravages of youth. Suddenly, I''m going to the bathroom like clockwork, every three hours. And those jerks at Social Security stopped sending me checks. Now ''I'''' have to pay ''''them''! Are you crazy? I can''t swallow that.\r\n\r\nNo, of course not. It was… uh… porno. Yeah, that''s it.\r\nBut, like most politicians, he promised more than he could deliver. Perhaps, but perhaps your civilization is merely the sewer of an even greater society above you! My fellow Earthicans, as I have explained in my book ''Earth in the Balance'''', and the much more popular ''''Harry Potter and the Balance of Earth'', we need to defend our planet against pollution. Also dark wizards.\r\n\r\nFor example, if you killed your grandfather, you''d cease to exist!\r\nSon, as your lawyer, I declare y''all are in a 12-piece bucket o'' trouble. But I done struck you a deal: Five hours of community service cleanin'' up that ol'' mess you caused.\r\nLeela, are you alright? You got wanged on the head.\r\nThat''s not soon enough!\r\nIt''s toe-tappingly tragic! Fatal. There, now he''s trapped in a book I wrote: a crummy world of plot holes and spelling errors! For one beautiful night I knew what it was like to be a grandmother. Subjugated, yet honored.\r\n\r\nNo! The cat shelter''s on to me.\r\nSay it in Russian!\r\nGoodbye, cruel world. Goodbye, cruel lamp. Goodbye, cruel velvet drapes, lined with what would appear to be some sort of cruel muslin and the cute little pom-pom curtain pull cords. Cruel though they may be…\r\nJust once I''d like to eat dinner with a celebrity who isn''t bound and gagged. You''ll have all the Slurm you can drink when you''re partying with Slurms McKenzie! Ok, we''ll go deliver this crate like professionals, and then we''ll go ride the bumper cars.\r\n\r\nBender, we''re trying our best. We can''t compete with Mom! Her company is big and evil! Ours is small and neutral! Yes! In your face, Gandhi! You seem malnourished. Are you suffering from intestinal parasites?\r\n\r\nAnd I''d do it again! And perhaps a third time! But that would be it. You seem malnourished. Are you suffering from intestinal parasites? I was having the most wonderful dream. Except you were there, and you were there, and you were there!\r\n\r\nWhoa a real live robot; or is that some kind of cheesy New Year''s costume? Kids have names? But, like most politicians, he promised more than he could deliver. Tell her she looks thin. Bender, quit destroying the universe!\r\n\r\nOh, how awful. Did he at least die painlessly? …To shreds, you say. Well, how is his wife holding up? …To shreds, you say. Fatal. You don''t know how to do any of those. That''s the ONLY thing about being a slave.\r\n\r\nAnd until then, I can never die? But I know you in the future. I cleaned your poop. Oh, all right, I am. But if anything happens to me, tell them I died robbing some old man. Ask her how her day was.\r\n\r\nI suppose I could part with ''one'' and still be feared… Oh, I always feared he might run off like this. Why, why, why didn''t I break his legs? So I really am important? How I feel when I''m drunk is correct?\r\n\r\nQuite possible. We live long and are celebrated poopers. Hey, tell me something. You''ve got all this money. How come you always dress like you''re doing your laundry? I''m sure those windmills will keep them cool.\r\n\r\nYeah, and if you were the pope they''d be all, "Straighten your pope hat." And "Put on your good vestments." I don''t ''need'' to drink. I can quit anytime I want! Oh, I always feared he might run off like this. Why, why, why didn''t I break his legs?\r\n\r\nWe''re rescuing ya. I wish! It''s a nickel. Leela, are you alright? You got wanged on the head. But existing is basically all I do! Leela, Bender, we''re going grave robbing.\r\n\r\nMan, I''m sore all over. I feel like I just went ten rounds with mighty Thor. Bender, hurry! This fuel''s expensive! Also, we''re dying! Can I use the gun? Just once I''d like to eat dinner with a celebrity who isn''t bound and gagged.', 8, '2018-05-15 00:59:34', NULL, 'mysql.png', 3),
(30, 'Article 6', 'Chapô 6', 'Why did you bring us here? Five hours? Aw, man! Couldn''t you just get me the death penalty? Look, everyone wants to be like Germany, but do we really have the pure strength of ''will''? Large bet on myself in round one.\r\n\r\nI''ve got to find a way to escape the horrible ravages of youth. Suddenly, I''m going to the bathroom like clockwork, every three hours. And those jerks at Social Security stopped sending me checks. Now ''I'''' have to pay ''''them''! Are you crazy? I can''t swallow that.\r\n\r\nNo, of course not. It was… uh… porno. Yeah, that''s it.\r\nBut, like most politicians, he promised more than he', 'Why did you bring us here? Five hours? Aw, man! Couldn''t you just get me the death penalty? Look, everyone wants to be like Germany, but do we really have the pure strength of ''will''? Large bet on myself in round one.\r\n\r\nI''ve got to find a way to escape the horrible ravages of youth. Suddenly, I''m going to the bathroom like clockwork, every three hours. And those jerks at Social Security stopped sending me checks. Now ''I'''' have to pay ''''them''! Are you crazy? I can''t swallow that.\r\n\r\nNo, of course not. It was… uh… porno. Yeah, that''s it.\r\nBut, like most politicians, he promised more than he could deliver. Perhaps, but perhaps your civilization is merely the sewer of an even greater society above you! My fellow Earthicans, as I have explained in my book ''Earth in the Balance'''', and the much more popular ''''Harry Potter and the Balance of Earth'', we need to defend our planet against pollution. Also dark wizards.\r\n\r\nFor example, if you killed your grandfather, you''d cease to exist!\r\nSon, as your lawyer, I declare y''all are in a 12-piece bucket o'' trouble. But I done struck you a deal: Five hours of community service cleanin'' up that ol'' mess you caused.\r\nLeela, are you alright? You got wanged on the head.\r\nThat''s not soon enough!\r\nIt''s toe-tappingly tragic! Fatal. There, now he''s trapped in a book I wrote: a crummy world of plot holes and spelling errors! For one beautiful night I knew what it was like to be a grandmother. Subjugated, yet honored.\r\n\r\nNo! The cat shelter''s on to me.\r\nSay it in Russian!\r\nGoodbye, cruel world. Goodbye, cruel lamp. Goodbye, cruel velvet drapes, lined with what would appear to be some sort of cruel muslin and the cute little pom-pom curtain pull cords. Cruel though they may be…\r\nJust once I''d like to eat dinner with a celebrity who isn''t bound and gagged. You''ll have all the Slurm you can drink when you''re partying with Slurms McKenzie! Ok, we''ll go deliver this crate like professionals, and then we''ll go ride the bumper cars.\r\n\r\nBender, we''re trying our best. We can''t compete with Mom! Her company is big and evil! Ours is small and neutral! Yes! In your face, Gandhi! You seem malnourished. Are you suffering from intestinal parasites?\r\n\r\nAnd I''d do it again! And perhaps a third time! But that would be it. You seem malnourished. Are you suffering from intestinal parasites? I was having the most wonderful dream. Except you were there, and you were there, and you were there!\r\n\r\nWhoa a real live robot; or is that some kind of cheesy New Year''s costume? Kids have names? But, like most politicians, he promised more than he could deliver. Tell her she looks thin. Bender, quit destroying the universe!\r\n\r\nOh, how awful. Did he at least die painlessly? …To shreds, you say. Well, how is his wife holding up? …To shreds, you say. Fatal. You don''t know how to do any of those. That''s the ONLY thing about being a slave.\r\n\r\nAnd until then, I can never die? But I know you in the future. I cleaned your poop. Oh, all right, I am. But if anything happens to me, tell them I died robbing some old man. Ask her how her day was.\r\n\r\nI suppose I could part with ''one'' and still be feared… Oh, I always feared he might run off like this. Why, why, why didn''t I break his legs? So I really am important? How I feel when I''m drunk is correct?\r\n\r\nQuite possible. We live long and are celebrated poopers. Hey, tell me something. You''ve got all this money. How come you always dress like you''re doing your laundry? I''m sure those windmills will keep them cool.\r\n\r\nYeah, and if you were the pope they''d be all, "Straighten your pope hat." And "Put on your good vestments." I don''t ''need'' to drink. I can quit anytime I want! Oh, I always feared he might run off like this. Why, why, why didn''t I break his legs?\r\n\r\nWe''re rescuing ya. I wish! It''s a nickel. Leela, are you alright? You got wanged on the head. But existing is basically all I do! Leela, Bender, we''re going grave robbing.\r\n\r\nMan, I''m sore all over. I feel like I just went ten rounds with mighty Thor. Bender, hurry! This fuel''s expensive! Also, we''re dying! Can I use the gun? Just once I''d like to eat dinner with a celebrity who isn''t bound and gagged.', 8, '2018-05-15 00:59:59', NULL, 'logoOC.png', 9),
(31, 'Article 7', 'Chapô 7', 'Why did you bring us here? Five hours? Aw, man! Couldn''t you just get me the death penalty? Look, everyone wants to be like Germany, but do we really have the pure strength of ''will''? Large bet on myself in round one.\r\n\r\nI''ve got to find a way to escape the horrible ravages of youth. Suddenly, I''m going to the bathroom like clockwork, every three hours. And those jerks at Social Security stopped sending me checks. Now ''I'''' have to pay ''''them''! Are you crazy? I can''t swallow that.\r\n\r\nNo, of course not. It was… uh… porno. Yeah, that''s it.\r\nBut, like most politicians, he promised more than he', 'Why did you bring us here? Five hours? Aw, man! Couldn''t you just get me the death penalty? Look, everyone wants to be like Germany, but do we really have the pure strength of ''will''? Large bet on myself in round one.\r\n\r\nI''ve got to find a way to escape the horrible ravages of youth. Suddenly, I''m going to the bathroom like clockwork, every three hours. And those jerks at Social Security stopped sending me checks. Now ''I'''' have to pay ''''them''! Are you crazy? I can''t swallow that.\r\n\r\nNo, of course not. It was… uh… porno. Yeah, that''s it.\r\nBut, like most politicians, he promised more than he could deliver. Perhaps, but perhaps your civilization is merely the sewer of an even greater society above you! My fellow Earthicans, as I have explained in my book ''Earth in the Balance'''', and the much more popular ''''Harry Potter and the Balance of Earth'', we need to defend our planet against pollution. Also dark wizards.\r\n\r\nFor example, if you killed your grandfather, you''d cease to exist!\r\nSon, as your lawyer, I declare y''all are in a 12-piece bucket o'' trouble. But I done struck you a deal: Five hours of community service cleanin'' up that ol'' mess you caused.\r\nLeela, are you alright? You got wanged on the head.\r\nThat''s not soon enough!\r\nIt''s toe-tappingly tragic! Fatal. There, now he''s trapped in a book I wrote: a crummy world of plot holes and spelling errors! For one beautiful night I knew what it was like to be a grandmother. Subjugated, yet honored.\r\n\r\nNo! The cat shelter''s on to me.\r\nSay it in Russian!\r\nGoodbye, cruel world. Goodbye, cruel lamp. Goodbye, cruel velvet drapes, lined with what would appear to be some sort of cruel muslin and the cute little pom-pom curtain pull cords. Cruel though they may be…\r\nJust once I''d like to eat dinner with a celebrity who isn''t bound and gagged. You''ll have all the Slurm you can drink when you''re partying with Slurms McKenzie! Ok, we''ll go deliver this crate like professionals, and then we''ll go ride the bumper cars.\r\n\r\nBender, we''re trying our best. We can''t compete with Mom! Her company is big and evil! Ours is small and neutral! Yes! In your face, Gandhi! You seem malnourished. Are you suffering from intestinal parasites?\r\n\r\nAnd I''d do it again! And perhaps a third time! But that would be it. You seem malnourished. Are you suffering from intestinal parasites? I was having the most wonderful dream. Except you were there, and you were there, and you were there!\r\n\r\nWhoa a real live robot; or is that some kind of cheesy New Year''s costume? Kids have names? But, like most politicians, he promised more than he could deliver. Tell her she looks thin. Bender, quit destroying the universe!\r\n\r\nOh, how awful. Did he at least die painlessly? …To shreds, you say. Well, how is his wife holding up? …To shreds, you say. Fatal. You don''t know how to do any of those. That''s the ONLY thing about being a slave.\r\n\r\nAnd until then, I can never die? But I know you in the future. I cleaned your poop. Oh, all right, I am. But if anything happens to me, tell them I died robbing some old man. Ask her how her day was.\r\n\r\nI suppose I could part with ''one'' and still be feared… Oh, I always feared he might run off like this. Why, why, why didn''t I break his legs? So I really am important? How I feel when I''m drunk is correct?\r\n\r\nQuite possible. We live long and are celebrated poopers. Hey, tell me something. You''ve got all this money. How come you always dress like you''re doing your laundry? I''m sure those windmills will keep them cool.\r\n\r\nYeah, and if you were the pope they''d be all, "Straighten your pope hat." And "Put on your good vestments." I don''t ''need'' to drink. I can quit anytime I want! Oh, I always feared he might run off like this. Why, why, why didn''t I break his legs?\r\n\r\nWe''re rescuing ya. I wish! It''s a nickel. Leela, are you alright? You got wanged on the head. But existing is basically all I do! Leela, Bender, we''re going grave robbing.\r\n\r\nMan, I''m sore all over. I feel like I just went ten rounds with mighty Thor. Bender, hurry! This fuel''s expensive! Also, we''re dying! Can I use the gun? Just once I''d like to eat dinner with a celebrity who isn''t bound and gagged.', 8, '2018-05-15 01:00:17', NULL, 'PHP.png', 2);

-- --------------------------------------------------------

--
-- Structure de la table `Users`
--

CREATE TABLE IF NOT EXISTS `Users` (
  `id` int(10) NOT NULL AUTO_INCREMENT,
  `first_name` varchar(50) NOT NULL,
  `last_name` varchar(50) NOT NULL,
  `pseudo` varchar(50) NOT NULL,
  `password` text NOT NULL,
  `email` varchar(50) NOT NULL,
  `registration_date` datetime DEFAULT NULL,
  `authorization` tinyint(5) NOT NULL,
  `confirmation_token` varchar(100) DEFAULT NULL,
  `remember_token` varchar(100) DEFAULT NULL,
  `avatar` varchar(100) NOT NULL,
  `is_active` tinyint(4) NOT NULL,
  `description` varchar(600) DEFAULT NULL,
  `reset_token` varchar(100) DEFAULT NULL,
  `reset_at` datetime DEFAULT NULL,
  PRIMARY KEY (`id`),
  UNIQUE KEY `pseudo` (`pseudo`),
  UNIQUE KEY `email` (`email`)
) ENGINE=InnoDB  DEFAULT CHARSET=utf8 AUTO_INCREMENT=40 ;

--
-- Contenu de la table `Users`
--

INSERT INTO `Users` (`id`, `first_name`, `last_name`, `pseudo`, `password`, `email`, `registration_date`, `authorization`, `confirmation_token`, `remember_token`, `avatar`, `is_active`, `description`, `reset_token`, `reset_at`) VALUES
(8, 'philippe', 'traon', 'phil', '$2y$10$yX9kymMDnFMSCW8xu3Kzk.y7W8XX.0qwYS5Yv6S4cxifRVv1dWziq', 'ptraon@gmail.com', '2018-04-30 12:24:08', 1, 'vMfCuA3bj6dQzpxYLxbwzk1n4BTjOe5Pzrs6h27rI1NGbEgNm39blUGpvufEg0LfsE2pzZYKKkMexH4IwEdCH89931BSNGEzZLvo', 'DNiqTsTXgRsg6akAUxhCxzNh8bQOOsARLeIvPOI3EKCv7JopsQe8jn5EMq1UaVVvosCFAuTh9KM7MR6SynK8HeQ3SMNgfZ5VvQ93', 'Philippe.jpeg', 1, 'Développeur', NULL, NULL),
(13, '', '', 'spiderman', '$2y$10$uPm0ElvnshqJ4vRBGduTcex92o8oZcmBMMglNEXOXXBm2icbSMJC6', 'philippe_traon@yahoo.fr', '2018-05-15 04:00:00', 0, 'jMcPt4zjpbMhM498qVFQZHO8Q8SagkkLT9ZtDjWJxWfiioK8lcA9ByLGr1vxtU0w2rdfUr4FPYhs7Hks4iHUFLpKMoKyLQVp6MZq', NULL, 'spiderman.jpeg', 1, NULL, NULL, NULL),
(38, 'Laurent', 'AVRIL', 'Greatalf', '$2y$10$jiN5Da6XpYuAa3EMKZbNGOVurmHbzhLTsOWbfzV5RAYSe7y6/scfi', 'avril.laurent974@yahoo.fr', '2018-06-24 17:20:28', 0, NULL, 'nzZ9Z3KpL1yQKMFWuaGW6y7K4CmRcnR7tdWWEGZUIcoS4YEb35C3UTSEsDdPxW6eDxIK7klUMBN9uwS4G8Z3vTbyb7ruDnPr007z', '', 1, 'Je suis étudiant à OpenclassRooms :))', NULL, NULL),
(39, '', '', 'philou', '$2y$10$brmDGeFTgg64rjmHaoNS0O/3sfnuV2uWuPj4hPWXi/3mIzRqc5s9y', 'philippeOC@yahoo.com', '2018-06-24 17:18:59', 0, NULL, NULL, '', 1, NULL, NULL, NULL);

--
-- Contraintes pour les tables exportées
--

--
-- Contraintes pour la table `Comments`
--
ALTER TABLE `Comments`
  ADD CONSTRAINT `comments_ibfk_1` FOREIGN KEY (`author`) REFERENCES `Users` (`id`) ON DELETE CASCADE ON UPDATE CASCADE,
  ADD CONSTRAINT `comments_ibfk_2` FOREIGN KEY (`post_id`) REFERENCES `Posts` (`id`) ON DELETE CASCADE ON UPDATE CASCADE,
  ADD CONSTRAINT `comments_ibfk_3` FOREIGN KEY (`avatar`) REFERENCES `Users` (`id`) ON DELETE CASCADE ON UPDATE CASCADE;

--
-- Contraintes pour la table `Posts`
--
ALTER TABLE `Posts`
  ADD CONSTRAINT `posts_ibfk_1` FOREIGN KEY (`author`) REFERENCES `Users` (`id`) ON DELETE CASCADE ON UPDATE CASCADE,
  ADD CONSTRAINT `posts_ibfk_2` FOREIGN KEY (`category_id`) REFERENCES `Category` (`category_id`) ON DELETE CASCADE ON UPDATE CASCADE;

/*!40101 SET CHARACTER_SET_CLIENT=@OLD_CHARACTER_SET_CLIENT */;
/*!40101 SET CHARACTER_SET_RESULTS=@OLD_CHARACTER_SET_RESULTS */;
/*!40101 SET COLLATION_CONNECTION=@OLD_COLLATION_CONNECTION */;
